{
  "sources": [
    {
      "name": "UNESCO Beruniy Prize page",
      "url": "https://www.unesco.org/prizes/beruniy",
      "type": "page"
    },
    {
      "name": "UNESCO Prizes overview",
      "url": "https://www.unesco.org/en/prizes",
      "type": "page"
    },
    {
      "name": "AI for Good (ITU)",
      "url": "https://aiforgood.itu.int/awards",
      "type": "page"
    },
    {
      "name": "AI for Good Impact Awards",
      "url": "https://aiforgood.itu.int/awards/impact-awards",
      "type": "page"
    },
    {
      "name": "AAAI Awards",
      "url": "https://aaai.org/awards/",
      "type": "page"
    },
    {
      "name": "Cloud Awards - AI Ethics",
      "url": "https://cloud-awards.com/",
      "type": "page"
    }
  ]
}